"ID","Silhouette PCA","Silhouette UMAP","Silhouette TSNE","Dunn PCA","Dunn UMAP","Dunn TSNE","Number of Cells","Number of Clusters"
"ICELL8_SE_A_kallisto","0.264901779572841","0.394870825431861","0.405968533384943","0.0317500570031184","0.0152801484664452","0.0313236669183616","571","8"
"ICELL8_SE_B_kallisto","0.118791117829522","0.340687523132725","0.386262932777054","0.0163440431829018","0.0345832390474643","0.0327413115570681","553","7"
